mut_type,motif,unpaired,nt_site_boundary,nt_site_before_boundary,rate,predicted_count,residual
AC,AAA,0,0,False,0.10901099700325009,7.65321600612203,0.6301388487792576
AC,AAA,1,0,False,0.12729576115200503,8.93691447231664,0.6301388487792576
AC,AAC,0,0,False,0.08536740371414693,5.993296075319003,0.6301388487792576
AC,AAC,1,0,False,0.09992955773976012,7.015645318387705,0.6301388487792576
AC,AAG,0,0,False,0.17195238063861037,12.072072983196048,0.7671069807221791
AC,AAG,1,0,False,0.20014706960380704,14.05150671747922,0.4361994358929999
AC,AAT,0,0,False,0.18429631027651647,12.938689769394694,0.6301388487792576
AC,AAT,1,0,False,0.21443451251685458,15.054569617504162,0.6301388487792576
AC,CAA,0,0,False,0.0498295229817131,3.498326896778151,0.6583680265771228
AC,CAA,1,0,False,0.05879634837212548,4.127851013505195,0.4895574883932794
AC,CAC,0,0,False,0.038234734506426664,2.6843042459806745,0.9479747419740557
AC,CAC,1,0,False,0.04537599656448038,3.185663031690883,0.8963072723831543
AC,CAG,0,0,False,0.08069589852244796,5.665328812486551,0.5558550311391036
AC,CAG,1,0,False,0.0945225386054769,6.636040631507622,0.35456632709439573
AC,CAT,0,0,False,0.0867493461247337,6.090316596798376,0.44120664811301386
AC,CAT,1,0,False,0.1015290826787023,7.127941418794333,0.3190575135119141
AC,GAA,0,0,False,0.1623883965884227,11.400624800651583,0.4763741224963111
AC,GAA,1,0,False,0.18907726605285827,13.27434110988257,0.6285656186226901
AC,GAC,0,0,False,0.12787765475826082,8.97776684119392,0.8826050675316277
AC,GAC,1,0,False,0.14913291540853618,10.470011710930624,0.9359637781875723
AC,GAG,0,0,False,0.25425911245267296,17.850491809254454,0.45719089256789736
AC,GAG,1,0,False,0.2954127399898231,20.73971959026366,0.4415059792797257
AC,GAT,0,0,False,0.2722766008984665,19.115425942086528,0.5673071087516989
AC,GAT,1,0,False,0.3162670258742197,22.20381366255208,0.6129562168229813
AC,TAA,0,0,False,0.012176889953633738,0.8548896135236501,0.7097330927419705
AC,TAA,1,0,False,0.01521542554649374,1.068212763239952,0.7825776950099024
AC,TAC,0,0,False,0.008247831904671269,0.5790465263495586,0.659173896408008
AC,TAC,1,0,False,0.01066774954514837,0.7489390411299182,0.7825035631012104
AC,TAG,0,0,False,0.02263639781952661,1.589208858517107,0.6017629925253124
AC,TAG,1,0,False,0.027321750348736056,1.9181482862502648,0.7532564847593333
AC,TAT,0,0,False,0.024687694147737176,1.7332219794308843,0.5849871055075545
AC,TAT,1,0,False,0.02969601689486522,2.084835824509309,0.7901757162325637
AG,AAA,0,0,False,0.3468958564342262,24.354138517242223,0.1713072125271544
AG,AAA,1,0,False,0.37068300137024024,26.024136621734556,0.18975815703166976
AG,AAC,0,0,False,0.38410092215665276,26.966153931496326,0.4435841576573961
AG,AAC,1,0,False,0.4103879481161375,28.811658452663814,0.22764586668514997
AG,AAG,0,0,False,0.6135259750387438,43.07314804393677,0.25861248606012105
AG,AAG,1,0,False,0.6552285183443778,46.000912954784795,0.26670059217145703
AG,AAT,0,0,False,0.8373231920052492,58.78503482690563,0.23174298813190497
AG,AAT,1,0,False,0.894063107371293,62.76851209436397,0.2038318204110037
AG,CAA,0,0,False,0.39935587773798087,28.03714193671767,0.17617867520844696
AG,CAA,1,0,False,0.426667913954299,29.954608233482926,0.17548913965750715
AG,CAC,0,0,False,0.4420741655011732,31.03621810931375,0.17978844168309074
AG,CAC,1,0,False,0.4722565268966239,33.15519819099612,0.14067027399989443
AG,CAG,0,0,False,0.7054965043359391,49.530022545211395,0.13880247899918358
AG,CAG,1,0,False,0.7533787271138237,52.891637463396954,0.16386368200219661
AG,CAT,0,0,False,0.9624570479969075,67.57017078483634,0.13857043636366684
AG,CAT,1,0,False,1.0276049515202914,72.14393849375465,0.1565948612876851
AG,GAA,0,0,False,0.4154847572709497,29.169484566322744,0.2639366938713049
AG,GAA,1,0,False,0.4438805244010936,31.163035175717244,0.17629914398780044
AG,GAC,0,0,False,0.4598980899831165,32.287562908344,0.18037558097836118
AG,GAC,1,0,False,0.4912780756727591,34.49062329081801,0.21845415867701154
AG,GAG,0,0,False,0.7337729241838983,51.5151942703152,0.2379105857493858
AG,GAG,1,0,False,0.783555094832242,55.010196753542125,0.19557781408081745
AG,GAT,0,0,False,1.0009295617059493,70.27116853559545,0.22369859460950559
AG,GAT,1,0,False,1.0686625085582173,75.02642155815184,0.2350625851823176
AG,TAA,0,0,False,0.40894222730732277,28.710160310838045,0.4366467305466629
AG,TAA,1,0,False,0.4368983890723376,30.67284802649456,0.38227723248178114
AG,TAC,0,0,False,0.45266798080199394,31.779966529702243,0.44752071910352514
AG,TAC,1,0,False,0.48356216133611396,33.94892052021296,0.14555107712983112
AG,TAG,0,0,False,0.7223028574789413,50.70992782462764,0.6072785555656409
AG,TAG,1,0,False,0.7713143319455448,54.15082288276813,0.27845944301014564
AG,TAT,0,0,False,0.9853235443627765,69.17553392068567,0.3467943419163788
AG,TAT,1,0,False,1.052007892432846,73.85716911380707,0.5802289242611139
AT,AAA,0,21562,True,0.07045188188318281,4.946138324684049,0.7335302698430172
AT,AAA,0,21562,False,0.21701784594020596,15.235934885672046,0.7335302698430172
AT,AAA,1,21562,True,0.0937917649077713,6.58473600065495,0.7335302698430172
AT,AAA,1,21562,False,0.28445551601360314,19.970457733911957,0.7335302698430172
AT,AAC,0,21562,True,0.013671229605132321,0.9598010853368177,0.7335302698430172
AT,AAC,0,21562,False,0.052957259567709865,3.7179124831953656,0.7335302698430172
AT,AAC,1,21562,True,0.019927329714911533,1.399016272907633,0.7335302698430172
AT,AAC,1,21562,False,0.07103347763208352,4.986969782215318,0.7335302698430172
AT,AAG,0,21562,True,0.08539029066966398,5.994902874808135,0.7335302698430172
AT,AAG,0,21562,False,0.2601805079853821,18.26620875814318,0.7335302698430172
AT,AAG,1,21562,True,0.11322474222353265,7.949045814601124,0.7335302698430172
AT,AAG,1,21562,False,0.340604671147907,23.912460143001667,0.7335302698430172
AT,AAT,0,21562,True,0.05570852724142133,3.911067727862534,0.7335302698430172
AT,AAT,0,21562,False,0.1744187684273173,12.245227976919047,0.7335302698430172
AT,AAT,1,21562,True,0.07461252832329279,5.23824028509741,0.7335302698430172
AT,AAT,1,21562,False,0.22903951295647154,16.079926931964494,0.7335302698430172
AT,CAA,0,21562,True,0.1268373903819634,8.904734136291308,1.5593095330704605
AT,CAA,0,21562,False,0.3799367138306565,26.673801905650798,1.0033277148959026
AT,CAA,1,21562,True,0.1671421681037316,11.73436764541544,1.8937598527754478
AT,CAA,1,21562,False,0.49639232329188404,34.84967368769486,1.116323179456341
AT,CAC,0,21562,True,0.028784989410078787,2.020876312898047,2.0406036426197183
AT,CAC,0,21562,False,0.0966265764285009,6.7837565169441465,1.3759458411121348
AT,CAC,1,21562,True,0.03958841649084611,2.7793407185858103,2.123810493277584
AT,CAC,1,21562,False,0.12784172649447412,8.975244464818662,2.22872688427702
AT,CAG,0,21562,True,0.15263397406756862,10.715806712391627,1.18578103022292
AT,CAG,0,21562,False,0.45447271290905367,31.90666938563613,1.630518172936251
AT,CAG,1,21562,True,0.20070025536401395,14.090343625963309,1.798254433401442
AT,CAG,1,21562,False,0.5933542152846182,41.656971338229546,1.2304641670066805
AT,CAT,0,21562,True,0.10137763845932615,7.117309139890128,1.569213207824499
AT,CAT,0,21562,False,0.3063739479632975,21.50926114675934,1.083261091115069
AT,CAT,1,21562,True,0.13402225629456604,9.409154170194235,1.8367264871864497
AT,CAT,1,21562,False,0.4006964844098511,28.13126044513536,1.2295813292300766
AT,GAA,0,21562,True,0.06039709410596343,4.240232820925733,0.8548716559886191
AT,GAA,0,21562,False,0.1879657954194814,13.196309305059788,0.9042512993301428
AT,GAA,1,21562,True,0.08071175982943095,5.666442369942378,0.7641421765106913
AT,GAA,1,21562,False,0.24666247882904646,17.317163249391363,1.486227990754653
AT,GAC,0,21562,True,0.010976110745684744,0.7705878191476223,0.8559498042612492
AT,GAC,0,21562,False,0.04517005102598152,3.171204438200706,0.8647074725150905
AT,GAC,1,21562,True,0.01642132151768491,1.1528737846244568,0.6852685258063129
AT,GAC,1,21562,False,0.060903305864294044,4.275771876964525,0.7650584140160501
AT,GAG,0,21562,True,0.07339924928464071,5.153060928759373,0.6758784980120852
AT,GAG,0,21562,False,0.22553389506501126,15.833811845451969,0.713356765921061
AT,GAG,1,21562,True,0.09762591650131847,6.853916093969376,0.6802358870674992
AT,GAG,1,21562,False,0.295533817044702,20.74821991481666,0.762185947384135
AT,GAT,0,21562,True,0.0475647109755772,3.3393237138634966,0.8583458078227857
AT,GAT,0,21562,False,0.15088823085368075,10.593245225253709,0.8776894375641635
AT,GAT,1,21562,True,0.06401845508430792,4.494473755925947,0.7137875152828191
AT,GAT,1,21562,False,0.19842926460726565,13.930906658252765,0.7335302698430172
AT,TAA,0,21562,True,0.04448955257871657,3.123429426945704,1.1382018001837373
AT,TAA,0,21562,False,0.14200294564584795,9.969445711067834,1.3597575986930686
AT,TAA,1,21562,True,0.06001806359531304,4.213622639837015,1.488685656105975
AT,TAA,1,21562,False,0.18687063420988734,13.119422518139572,1.3207751769948395
AT,TAC,0,21562,True,0.006712200245787065,0.4712361116724969,4.119162803110101
AT,TAC,0,21562,False,0.03285001543661449,2.306265155371051,0.974411735515093
AT,TAC,1,21562,True,0.010874514143131446,0.7634551374347367,1.5132644262133068
AT,TAC,1,21562,False,0.0448765003618094,3.1505954473336395,0.9816172383203721
AT,TAG,0,21562,True,0.054428387540610496,3.82119435804072,1.02447621628604
AT,TAG,0,21562,False,0.17071996502285336,11.985550126089942,1.0206824144551527
AT,TAG,1,21562,True,0.07294722875073222,5.12132641682659,1.1000400544252746
AT,TAG,1,21562,False,0.22422783832085327,15.74211894607416,1.002707863336143
AT,TAT,0,21562,True,0.03468049120788658,2.4347753686213753,1.4374243885519409
AT,TAT,0,21562,False,0.11366089081383146,7.9796660223240465,0.9188769126136795
AT,TAT,1,21562,True,0.047257717441125946,3.317770954084882,1.000240347750533
AT,TAT,1,21562,False,0.1500012114684859,10.53097122406912,0.9428357034481251
CA,ACA,0,0,False,0.10200258742621866,7.161184249447088,0.5285476402966613
CA,ACA,1,0,False,0.14285738331725864,10.02943228345813,0.5285476402966613
CA,ACC,0,0,False,0.16339192419976953,11.471078367620759,0.5285476402966613
CA,ACC,1,0,False,0.2272300916919672,15.952894869475337,0.5285476402966613
CA,ACG,0,0,False,0.19915076287624953,13.981560099211682,0.4927742832814079
CA,ACG,1,0,False,0.276376575854161,19.403268405858185,0.48909013000992635
CA,ACT,0,0,False,0.19369346754203629,13.598425726074167,0.5285476402966613
CA,ACT,1,0,False,0.2688761399161299,18.876693491841753,0.5285476402966613
CA,CCA,0,0,False,0.25468848946998623,17.88063661254861,0.4474368391557345
CA,CCA,1,0,False,0.3527069070804548,24.762108603203153,0.6262464600393525
CA,CCC,0,0,False,0.4019731721483125,28.2208914668067,0.7526387918925266
CA,CCC,1,0,False,0.5551330649899163,38.97362078416493,0.45375914133041373
CA,CCG,0,0,False,0.48776542018706226,34.24401412361329,0.4074597535921546
CA,CCG,1,0,False,0.6730448181545597,47.25172245681227,0.4805242393216924
CA,CCT,0,0,False,0.4746723318133203,33.324801968269874,0.2550025208482877
CA,CCT,1,0,False,0.6550498472827133,45.98836919070088,0.3452247389350067
CA,GCA,0,0,False,0.12074612424135539,8.47709126716444,0.8068307478357958
CA,GCA,1,0,False,0.16861825725286844,11.837997824142276,0.5490661400388128
CA,GCC,0,0,False,0.19267986987430155,13.52726518165456,0.5909321223998457
CA,GCC,1,0,False,0.26748306442576364,18.778891362389714,0.48901309777968943
CA,GCG,0,0,False,0.2345807494190975,16.468954468225004,0.4118620348124242
CA,GCG,1,0,False,0.32507108990839134,22.821910970507503,0.500744056373022
CA,GCT,0,0,False,0.22818609335914977,16.02001183438983,0.5838707772317127
CA,GCT,1,0,False,0.3162823575444511,22.204890036378952,0.49170981442058237
CA,TCA,0,0,False,0.13892937090139582,9.753662605905038,0.8327467276521923
CA,TCA,1,0,False,0.19360907566506508,13.59250091773943,0.6936862139695201
CA,TCC,0,0,False,0.22109232722524336,15.52198754315176,0.6953820560525164
CA,TCC,1,0,False,0.3065327773608072,21.520411908798767,0.5903069356830415
CA,TCG,0,0,False,0.26895164701566304,18.88199453631074,0.4818938170248369
CA,TCG,1,0,False,0.3723100058489433,26.138361948176357,0.4239238503011792
CA,TCT,0,0,False,0.2616476502345072,18.369210811632584,0.3106173396110548
CA,TCT,1,0,False,0.36227148738995624,25.433598646674028,0.29878595042971495
CG,ACA,0,21562,True,0.008699100742576274,0.6107282647820187,0.912792339985995
CG,ACA,0,21562,False,0.02410511116870844,1.6923212125122582,0.912792339985995
CG,ACA,1,21562,True,0.027583615913859237,1.9365327959744825,0.912792339985995
CG,ACA,1,21562,False,0.061378785127242444,4.309153330265675,0.912792339985995
CG,ACC,0,21562,True,0.009427497454646118,0.6618660172002759,0.912792339985995
CG,ACC,0,21562,False,0.02554279814726776,1.7932553319917393,0.912792339985995
CG,ACC,1,21562,True,0.029181452696905766,2.0487103778639284,0.912792339985995
CG,ACC,1,21562,False,0.06453254611872375,4.530565983695204,0.912792339985995
CG,ACG,0,21562,True,0.009578966192299386,0.6725000174323859,0.912792339985995
CG,ACG,0,21562,False,0.02584176247285363,1.8142443938729458,0.912792339985995
CG,ACG,1,21562,True,0.029513719875619793,2.0720374967817325,0.912792339985995
CG,ACG,1,21562,False,0.06518836483443756,4.576608331992098,0.912792339985995
CG,ACT,0,21562,True,0.014699224748746301,1.031972417620731,0.912792339985995
CG,ACT,0,21562,False,0.03594797098736274,2.523759937173058,0.912792339985995
CG,ACT,1,21562,True,0.04074570009276159,2.8605888644544155,0.912792339985995
CG,ACT,1,21562,False,0.08735770117827364,6.133026715604263,0.912792339985995
CG,CCA,0,21562,True,0.010170687455320728,0.7140423458745582,1.767852888534878
CG,CCA,0,21562,False,0.02700968366289449,1.896239361272825,1.070972496781785
CG,CCA,1,21562,True,0.030811740560913046,2.16316621735171,1.7064370820735757
CG,CCA,1,21562,False,0.06775035805355001,4.7564753917484905,1.214305368545785
CG,CCC,0,21562,True,0.010966835785283442,0.769936662132727,1.5496427754380369
CG,CCC,0,21562,False,0.028581096696509874,2.006561839845656,0.9328634760010462
CG,CCC,1,21562,True,0.03255819968860541,2.285777965868189,1.0929836700366429
CG,CCC,1,21562,False,0.07119746524783488,4.998482681649094,0.8785520906653533
CG,CCG,0,21562,True,0.011132393345505717,0.7815597809432986,1.3298261265985758
CG,CCG,0,21562,False,0.02890786910581586,2.0295031934889503,0.9122105477998217
CG,CCG,1,21562,True,0.03292137260667486,2.3112748502740463,0.9815011201262298
CG,CCG,1,21562,False,0.07191428475926587,5.048807646186576,0.9354017434365215
CG,CCT,0,21562,True,0.01672891132965284,1.1744684066074373,0.8607726001989211
CG,CCT,0,21562,False,0.03995410379874496,2.8050141280122345,1.0706821096099914
CG,CCT,1,21562,True,0.04519809234452321,3.1731731044251754,0.6823108885724782
CG,CCT,1,21562,False,0.09614569576656101,6.749995853523344,0.9276204536815764
CG,GCA,0,21562,True,0.0049601385021108375,0.3482310264147481,0.9715008430102372
CG,GCA,0,21562,False,0.016725262746319185,1.17421225450227,0.8424697452567371
CG,GCA,1,21562,True,0.01938169613684507,1.3607095722266789,0.7801349160842003
CG,GCA,1,21562,False,0.045190088683111904,3.1726112001099733,0.9106709536550869
CG,GCC,0,21562,True,0.0055163939880891145,0.38728344778334833,0.8201327220969419
CG,GCC,0,21562,False,0.01782318267881124,1.251292720067942,0.8765758992418908
CG,GCC,1,21562,True,0.0206019178395788,1.4463763445992022,0.8705571166964562
CG,GCC,1,21562,False,0.04759852466848405,3.3416976348705036,0.912792339985995
CG,GCG,0,21562,True,0.005632066278858265,0.3954043259655089,0.9612271889560353
CG,GCG,0,21562,False,0.018051493080908428,1.267321459110135,0.8965241254072287
CG,GCG,1,21562,True,0.02085566066667778,1.4641905901265104,0.9389986928494765
CG,GCG,1,21562,False,0.048099354439374124,3.3768588435951985,0.8881409917313072
CG,GCT,0,21562,True,0.009542259535438634,0.6699229932647273,0.7965942982399228
CG,GCT,0,21562,False,0.025769312004968913,1.8091579430036835,0.8955560386990289
CG,GCT,1,21562,True,0.029433198855215798,2.0663844454463085,0.8870350045702143
CG,GCT,1,21562,False,0.0650294349263025,4.565450513512973,0.912792339985995
CG,TCA,0,21562,True,0.011832133507516374,0.830685674249886,1.209853785352816
CG,TCA,0,21562,False,0.03028899466916305,2.1264663674663233,1.0827727159555176
CG,TCA,1,21562,True,0.03445634736824181,2.4190391468786108,2.107022815988543
CG,TCA,1,21562,False,0.07494397063037729,5.261509493153635,0.9237504525145056
CG,TCC,0,21562,True,0.012704774549123679,0.8919502307700773,1.1108091823807906
CG,TCC,0,21562,False,0.03201138665925069,2.247388460738822,0.9766610862216509
CG,TCC,1,21562,True,0.03637060361291099,2.55343124432071,0.9765356515752386
CG,TCC,1,21562,False,0.07872227060205927,5.5267684726522335,0.903552269235423
CG,TCG,0,21562,True,0.012886238626056553,0.9046900810264458,0.9652256962751729
CG,TCG,0,21562,False,0.032369554860945796,2.2725339844882764,0.9235119087934798
CG,TCG,1,21562,True,0.03676866962847687,2.5813778303126833,0.8790073061121545
CG,TCG,1,21562,False,0.07950796103380191,5.581928582672054,0.856784759821502
CG,TCT,0,21562,True,0.01902046148285624,1.3353487654101808,1.2716769818754758
CG,TCT,0,21562,False,0.044477094857579176,3.122554821323982,1.5571850952602881
CG,TCT,1,21562,True,0.05022491778773473,3.526085948079113,1.4666624554963748
CG,TCT,1,21562,False,0.10606748888210014,7.446564346324227,0.9050279177826348
CT,ACA,0,13467,True,3.5048401164920615,246.0604821148083,0.7326231602515538
CT,ACA,0,13467,False,2.2686272044830824,159.27103237810178,0.43720918328077796
CT,ACA,1,13467,True,11.164082241254812,783.7845286369288,0.524536662978201
CT,ACA,1,13467,False,7.231811130029497,507.715865509817,0.4609325081383526
CT,ACC,0,13467,True,3.1145465136127166,218.65956541138453,0.5350350382816683
CT,ACC,0,13467,False,2.0157172031408335,141.5152561390941,0.4300260632106844
CT,ACC,1,13467,True,9.922596859093277,696.6249203467495,0.6105136491825989
CT,ACC,1,13467,False,6.4273294081860515,451.2364959095068,0.39208155927913624
CT,ACG,0,13467,True,5.522970412490498,387.74515162860547,0.5497984342836371
CT,ACG,0,13467,False,3.576374326404486,251.08260626133583,0.48479447727529124
CT,ACG,1,13467,True,17.5835552823078,1234.469461159753,0.42081067628589697
CT,ACG,1,13467,False,11.391625494015235,799.7594092635064,0.4926675409533517
CT,ACT,0,13467,True,3.1570434052880674,221.6430982706476,0.9296217665958805
CT,ACT,0,13467,False,2.0432551613634717,143.4485834954078,0.3863424619970169
CT,ACT,1,13467,True,10.05777527199327,706.1152435410007,0.8967430999051
CT,ACT,1,13467,False,6.514924932006484,457.38621917960216,0.48340350165951873
CT,CCA,0,13467,True,3.634596947804592,255.17017825193406,0.5439725582370634
CT,CCA,0,13467,False,2.352709546953766,165.17410956222923,0.34808257707428264
CT,CCA,1,13467,True,11.576825899161772,812.7615718339993,0.5267884069174554
CT,CCA,1,13467,False,7.499268752458231,526.4929706937087,0.5471956447686034
CT,CCC,0,13467,True,3.229883126015879,226.756876989128,0.925696234373619
CT,CCC,0,13467,False,2.090455253117819,146.7623087858391,0.6114465843951976
CT,CCC,1,13467,True,10.289471225647581,722.3816683037063,0.5113550935627058
CT,CCC,1,13467,False,6.66506375959014,467.9268518679664,0.5717024188495805
CT,CCG,0,13467,True,5.727291316698995,402.0896861935648,0.48756397203104596
CT,CCG,0,13467,False,3.708774139715276,260.3778553489806,0.544826476719926
CT,CCG,1,13467,True,18.233479887716445,1280.0980080919282,0.5306678633578192
CT,CCG,1,13467,False,11.81277621648064,829.326678059938,0.5047899234338582
CT,CCT,0,13467,True,3.2739501548300534,229.8506427516118,0.4323126566066746
CT,CCT,0,13467,False,2.1190106591873032,148.76706699189216,0.6941649545014112
CT,CCT,1,13467,True,10.429644089626091,732.2226314699482,0.6425143935205009
CT,CCT,1,13467,False,6.755895684467759,474.30378961232566,0.525479982073594
CT,GCA,0,13467,True,3.0579962426290277,214.6894022999509,0.9673725508618398
CT,GCA,0,13467,False,1.9790726642478638,138.9425930197551,0.39996708258961466
CT,GCA,1,13467,True,9.742716035360617,683.9962238185987,0.6512546759938285
CT,GCA,1,13467,False,6.3107667511605525,443.05310875603396,0.5500541027090442
CT,GCC,0,13467,True,2.717361578044002,190.77483644046788,0.4337159926758801
CT,GCC,0,13467,False,1.7583416226887536,123.44596986477374,0.6425063884507548
CT,GCC,1,13467,True,8.659190828644533,607.9263530437356,0.5141045979306413
CT,GCC,1,13467,False,5.60864312048029,393.75988186775504,0.47535526718547283
CT,GCG,0,13467,True,4.819350083416491,338.34684767087276,0.5149490922734132
CT,GCG,0,13467,False,3.1204288098556203,219.07253735913764,0.4929637198858876
CT,GCG,1,13467,True,15.345408546894582,1077.3383377832417,0.5320153546461279
CT,GCG,1,13467,False,9.941307862156696,697.938543302893,0.5437575548642606
CT,GCT,0,13467,True,2.7544513851403623,193.37876001824583,0.560122666888672
CT,GCT,0,13467,False,1.782375793613723,125.13331065307388,0.7160630400920499
CT,GCT,1,13467,True,8.777169839823861,616.2091766263616,0.5715629735154009
CT,GCT,1,13467,False,5.685093443149158,399.1271461732557,0.47993967060915443
CT,TCA,0,13467,True,3.8743387788004875,272.0014711375508,0.9984618880905034
CT,TCA,0,13467,False,2.5080620978325197,176.08077642760716,0.479824284621336
CT,TCA,1,13467,True,12.339420972404769,866.3002512441059,0.5207022645281099
CT,TCA,1,13467,False,7.993429864950515,561.1860002016973,0.4729203978982641
CT,TCC,0,13467,True,3.442981814992017,241.7176639022793,0.535524042837619
CT,TCC,0,13467,False,2.2285430652607396,156.4568889951281,0.47343688365563186
CT,TCC,1,13467,True,10.967317096986264,769.9704530577643,1.468318667693737
CT,TCC,1,13467,False,7.104307444255659,498.7643535006681,0.4931296732093662
CT,TCG,0,13467,True,6.104799515613775,428.5929920049111,0.5620181471977069
CT,TCG,0,13467,False,3.953399207586968,277.55198031252445,0.4577441973228179
CT,TCG,1,13467,True,19.434296163313242,1364.4024048358206,0.6319577614421116
CT,TCG,1,13467,False,12.590904383666778,883.9558724314546,0.464537874884447
CT,TCT,0,13467,True,3.489949866810288,245.01509861834967,1.0631980426097787
CT,TCT,0,13467,False,2.2589783323539434,158.5936245509121,0.588543660867491
CT,TCT,1,13467,True,11.116717828463317,780.4592670389119,0.5396590369436013
CT,TCT,1,13467,False,7.201119021282905,505.5610981525929,0.5858809585617997
GA,AGA,0,0,False,0.6066554315793431,42.59079530320663,0.33177604319132836
GA,AGA,1,0,False,0.6529153355976922,45.838513860118304,0.2732514396957797
GA,AGC,0,0,False,0.8436438927932848,59.22878536373872,0.2862864501051143
GA,AGC,1,0,False,0.9077654263741121,63.73049583908872,0.30827211208060923
GA,AGG,0,0,False,1.2671407431060466,88.96076619553739,0.2574996133941106
GA,AGG,1,0,False,1.3631808934094596,95.70335213400497,0.2794477152057313
GA,AGT,0,0,False,0.7448688324001367,52.29419257963664,0.30930520104558623
GA,AGT,1,0,False,0.8015457691861809,56.27324837871339,0.7774159314647135
GA,CGA,0,0,False,1.5031122470926623,105.52735985071892,0.4608529168151969
GA,CGA,1,0,False,1.6169373797109086,113.51855661802261,0.3256307934071234
GA,CGC,0,0,False,2.0862358743265483,146.46608346739455,0.5611883519588614
GA,CGC,1,0,False,2.244010565355479,157.54279888086398,0.3387050488506939
GA,CGG,0,0,False,3.128274031844978,219.62331829088845,0.3069442597890508
GA,CGG,1,0,False,3.364586300037884,236.21383560652245,0.37023475615032664
GA,CGT,0,0,False,1.8431942038517062,129.40312235552398,0.35845939438361496
GA,CGT,1,0,False,1.9826510398085766,139.1938161244878,0.4219387333554332
GA,GGA,0,0,False,0.8180598310299289,57.4326330821199,0.36502108037567826
GA,GGA,1,0,False,0.8802531144690416,61.798969005781906,0.325470579229543
GA,GGC,0,0,False,1.1366746412602196,79.80127507673714,0.3662435520023505
GA,GGC,1,0,False,1.2228816664836437,85.85351754233356,0.32430899117514256
GA,GGG,0,0,False,1.7060372503271484,119.7738939205819,0.9531383074473997
GA,GGG,1,0,False,1.8351566770986756,128.83884049326292,0.3359170693266295
GA,GGT,0,0,False,1.0038783145469214,70.4781884057096,0.2922907729174415
GA,GGT,1,0,False,1.080076587517764,75.82775733334653,0.31463677405589574
GA,TGA,0,0,False,0.5533432158584568,38.847962801044005,0.24818146414104014
GA,TGA,1,0,False,0.5955850210905458,41.81358708498734,0.2547561996248065
GA,TGC,0,0,False,0.7697470462010569,54.04079016427531,0.21896018597938754
GA,TGC,1,0,False,0.8282990339360462,58.15148561741679,0.2720565204612365
GA,TGG,0,0,False,1.1564592940306024,81.19027458523027,0.24972343093665586
GA,TGG,1,0,False,1.244157472608062,87.3472048257339,0.27465942561455925
GA,TGT,0,0,False,0.6795515096677304,47.708530641348105,0.321383724134808
GA,TGT,1,0,False,0.7313055324153322,51.341968791274766,0.39241674870879
GC,AGA,0,21562,True,0.0436595625495995,3.065159223476497,1.2516371062578997
GC,AGA,0,21562,False,0.09806029812729157,6.884412250357741,1.2516371062578997
GC,AGA,1,21562,True,0.16049545675812638,11.267729241431832,1.2516371062578997
GC,AGA,1,21562,False,0.3400591414871232,23.874160737927877,1.2516371062578997
GC,AGC,0,21562,True,0.026203231107727577,1.8396216275298944,1.2516371062578997
GC,AGC,0,21562,False,0.06190349848231947,4.3459913077000225,1.2516371062578997
GC,AGC,1,21562,True,0.10287632418083593,7.222525731493846,1.2516371062578997
GC,AGC,1,21562,False,0.22071428147163452,15.49544649782512,1.2516371062578997
GC,AGG,0,21562,True,0.0224025196932908,1.5727892323473145,1.2516371062578997
GC,AGG,0,21562,False,0.054031193721278986,3.7933090053771714,1.2516371062578997
GC,AGG,1,21562,True,0.09033109406729899,6.341776462660515,1.2516371062578997
GC,AGG,1,21562,False,0.19472970543252463,13.67117574788526,1.2516371062578997
GC,AGT,0,21562,True,0.03190428489768311,2.239869284339689,1.2516371062578997
GC,AGT,0,21562,False,0.07371192801031236,5.175012822548702,1.2516371062578997
GC,AGT,1,21562,True,0.1216941253464219,8.543646545352567,1.2516371062578997
GC,AGT,1,21562,False,0.25969105438458356,18.23184622376719,1.2516371062578997
GC,CGA,0,21562,True,0.06298281617311084,4.4217657859997574,1.3796305019313386
GC,CGA,0,21562,False,0.1380840002482545,9.694312591763492,1.6341818100723704
GC,CGA,1,21562,True,0.22427684840190895,15.745559743306622,1.1494227189564725
GC,CGA,1,21562,False,0.4721677123183406,33.14896288290078,1.2191864827328858
GC,CGC,0,21562,True,0.03888403980600719,2.729889313984973,1.2094907636599563
GC,CGC,0,21562,False,0.08816889456320122,6.189977283604324,1.445912699489464
GC,CGC,1,21562,True,0.1447326099649628,10.161084272613758,1.1740109708511326
GC,CGC,1,21562,False,0.30741000812066305,21.5819986906552,1.2516371062578997
GC,CGG,0,21562,True,0.033637090026358174,2.361522441459891,1.892651740078857
GC,CGG,0,21562,False,0.07730103767346881,5.426989524688003,1.2068276277797187
GC,CGG,1,21562,True,0.12741369642424,8.94519422516697,1.1436469280364387
GC,CGG,1,21562,False,0.2715378382408868,19.06356043905342,1.2516371062578997
GC,CGT,0,21562,True,0.046754446070832005,3.2824383306575253,1.989609382964046
GC,CGT,0,21562,False,0.10447064177677774,7.334456245657845,1.412716877935737
GC,CGT,1,21562,True,0.17071091952674836,11.984915078824278,1.2410696942025266
GC,CGT,1,21562,False,0.36121813711204404,25.359647234169007,1.2621792017956528
GC,GGA,0,21562,True,0.02794069740262526,1.9616020260562195,1.2516371062578997
GC,GGA,0,21562,False,0.06550226268565147,4.598645815596857,1.1884172448824843
GC,GGA,1,21562,True,0.10861128064220044,7.625153556127165,1.2516371062578997
GC,GGA,1,21562,False,0.2325929326324857,16.329397986156668,1.2516371062578997
GC,GGC,0,21562,True,0.015887788079007755,1.1154165852139828,1.277414807553611
GC,GGC,0,21562,False,0.04053741660649601,2.8459661332188584,1.1586057663791565
GC,GGC,1,21562,True,0.06882753899109065,4.832099857346487,1.4003049843854074
GC,GGC,1,21562,False,0.1501900073216074,10.544225808328685,1.2281986428423537
GC,GGG,0,21562,True,0.01326354654257803,0.9311793258305514,1.5218396315091558
GC,GGG,0,21562,False,0.03510190022846095,2.464360771471033,1.2781408953540514
GC,GGG,1,21562,True,0.06016555170550999,4.223977176504892,1.2533964425385575
GC,GGG,1,21562,False,0.1322486809979791,9.284638706424124,1.233925376771085
GC,GGT,0,21562,True,0.019824141178638836,1.3917718280428,1.2153836630624744
GC,GGT,0,21562,False,0.04869067210746763,3.4183728372890734,1.2516371062578997
GC,GGT,1,21562,True,0.08182048953593606,5.744281745505881,1.2654300161786425
GC,GGT,1,21562,False,0.17710193387452286,12.433602042950339,1.2516371062578997
GC,TGA,0,21562,True,0.04615320146726579,3.240227407446996,2.902529171431116
GC,TGA,0,21562,False,0.10322530103945542,7.247025968658663,1.2266091239932833
GC,TGA,1,21562,True,0.16872635635323047,11.84558701961687,1.3191770358972503
GC,TGA,1,21562,False,0.35710756821693473,25.071061013263424,1.4244993799664774
GC,TGC,0,21562,True,0.027839671776240898,1.954509430243613,1.257397406774275
GC,TGC,0,21562,False,0.06529301119748222,4.583955124908889,1.0303052696980444
GC,TGC,1,21562,True,0.10827781945765957,7.601742610946355,1.1878064801135606
GC,TGC,1,21562,False,0.23190224402594956,16.28090756551928,1.2232257993038447
GC,TGG,0,21562,True,0.023852325318763162,1.674574152434781,1.2688771063911308
GC,TGG,0,21562,False,0.05703413461403832,4.004133196859605,1.2735954018714077
GC,TGG,1,21562,True,0.09511655215874067,6.677743892267233,1.0869490934672374
GC,TGG,1,21562,False,0.2046416877982256,14.367055468087438,1.2516371062578997
GC,TGT,0,21562,True,0.03382067747610087,2.374411365031997,2.8474971874725252
GC,TGT,0,21562,False,0.07768129710310796,5.4536859831499545,1.4356629578632172
GC,TGT,1,21562,True,0.12801967424045388,8.987737447868298,1.1981681419313002
GC,TGT,1,21562,False,0.27279298274608266,19.15167899847614,1.186194374588558
GT,AGA,0,0,False,1.842421244021276,129.34885600892628,1.064038171279156
GT,AGA,1,0,False,4.723026092569512,331.5843344493702,1.064038171279156
GT,AGC,0,0,False,1.7657791289480615,123.96812674356708,1.064038171279156
GT,AGC,1,0,False,4.527016311989459,317.823289863685,1.064038171279156
GT,AGG,0,0,False,2.0223939059722036,141.98400012256246,1.064038171279156
GT,AGG,1,0,False,5.183300472337222,363.8983151236421,1.064038171279156
GT,AGT,0,0,False,1.6910945081597526,118.7248251415168,1.064038171279156
GT,AGT,1,0,False,4.336012761011819,304.4137121719532,1.064038171279156
GT,CGA,0,0,False,2.167374687237971,152.16250748664214,1.0172264233303372
GT,CGA,1,0,False,5.554084226113861,389.92952515953215,0.9584895597521816
GT,CGC,0,0,False,2.0772670203259698,145.83641693024921,1.2692253913806155
GT,CGC,1,0,False,5.32363672341734,373.7507490296772,1.14790236785864
GT,CGG,0,0,False,2.378967447443618,167.0175693033607,1.038218805430304
GT,CGG,1,0,False,6.095226005155544,427.92087501224177,0.9407263703532363
GT,CGT,0,0,False,1.9894607674973082,139.67189923882881,1.2600184605331997
GT,CGT,1,0,False,5.099075014309215,357.98519038189073,1.0829720034477375
GT,GGA,0,0,False,1.711151094694817,120.13291600682417,1.0276106713089548
GT,GGA,1,0,False,4.387306845500058,308.01485993884376,1.064038171279156
GT,GGC,0,0,False,1.6399486050126832,115.13408058020389,1.0818587633835695
GT,GGC,1,0,False,4.205208734480858,295.230496743861,1.0555714849532947
GT,GGG,0,0,False,1.8783503113837827,131.87128879995538,0.931597594388748
GT,GGG,1,0,False,4.814913543789293,338.0353763788007,1.0537724035276956
GT,GGT,0,0,False,1.5705646777030868,110.26291897586063,1.0588069699758902
GT,GGT,1,0,False,4.027761539100817,282.77265530348313,1.0831883715186328
GT,TGA,0,0,False,1.6862116163565875,118.38201728972703,1.1275291958447595
GT,TGA,1,0,False,4.323524919959674,303.5369919542734,1.045532618489922
GT,TGC,0,0,False,1.6160425788363124,113.45573631031047,1.0190120419266961
GT,TGC,1,0,False,4.144069830095259,290.938184458829,1.059758135759389
GT,TGG,0,0,False,1.8509840584661859,129.95001617045827,0.9867237177234964
GT,TGG,1,0,False,4.744925219164481,333.12178251226345,1.017095863457317
GT,TGT,0,0,False,1.5476657085832386,108.65527606083901,1.1152126539118274
GT,TGT,1,0,False,3.9691981512245404,278.6611594930734,1.0131393327835745
TA,ATA,0,0,False,0.02063062637653273,1.4483918534980118,0.8372947519965442
TA,ATA,1,0,False,0.023471510827036406,1.647838725335077,0.8372947519965442
TA,ATC,0,0,False,0.04519098845542515,3.172674369442049,0.8372947519965442
TA,ATC,1,0,False,0.05054599108961264,3.5486271907117004,0.8372947519965442
TA,ATG,0,0,False,0.10045025130558288,7.052201082868244,0.8372947519965442
TA,ATG,1,0,False,0.11146186100045957,7.825281137970265,0.8372947519965442
TA,ATT,0,0,False,0.022653164271268313,1.5903859624824221,0.8372947519965442
TA,ATT,1,0,False,0.02570108554321667,1.8043680423195556,0.8372947519965442
TA,CTA,0,0,False,0.04506598106509636,3.163898112120787,0.7485920402544838
TA,CTA,1,0,False,0.05040818733447007,3.538952552981991,0.9311248279355017
TA,CTC,0,0,False,0.09125107678508765,6.406364684534367,0.5301987759791393
TA,CTC,1,0,False,0.1013210142089055,7.113333782985162,0.6026404926347936
TA,CTG,0,0,False,0.19516462398576417,13.701709599739795,0.8794604546301052
TA,CTG,1,0,False,0.21587165778907044,15.155465705998033,0.7656244227146903
TA,CTT,0,0,False,0.048869308799663905,3.430914188433275,0.5950077148757428
TA,CTT,1,0,False,0.054600842204577005,3.83330169428093,0.7279537857131617
TA,GTA,0,0,False,0.0025156103127629567,0.17661070570915982,0.5471653173817318
TA,GTA,1,0,False,0.0035021535635174367,0.24587187022433932,0.7280013067994486
TA,GTC,0,0,False,0.011044594812896952,0.7753958052569245,0.7741502082764885
TA,GTC,1,0,False,0.012904206422793118,0.9059515265077207,0.8624045748028311
TA,GTG,0,0,False,0.03023427104095523,2.122624445469218,1.4372056178304478
TA,GTG,1,0,False,0.03405823129477587,2.391089046526321,0.8562218203942229
TA,GTT,0,0,False,0.003217969435145706,0.22592046550619405,0.6198152910128348
TA,GTT,1,0,False,0.004276409583648947,0.30022921699670346,0.6465016898046964
TA,TTA,0,0,False,0.035376533597386114,2.4836416564519364,1.0542375626989464
TA,TTA,1,0,False,0.039726880870944954,2.7890617360902983,1.2493740987700672
TA,TTC,0,0,False,0.07298668848720723,5.124096723447846,0.876265892481739
TA,TTC,1,0,False,0.08118699424248274,5.699806633334259,0.6044176060754712
TA,TTG,0,0,False,0.15760716062095909,11.064953789091641,0.7720918722254237
TA,TTG,1,0,False,0.17446962970346883,12.24879873898375,0.6408125748375078
TA,TTT,0,0,False,0.03847371772061661,2.701082279484748,0.8220739401423782
TA,TTT,1,0,False,0.043141107833259765,3.0287606394563693,0.9957756348785456
TC,ATA,0,0,False,0.9640505379824772,67.68204319586285,0.45923743323010807
TC,ATA,1,0,False,1.1336044868676416,79.5857321004827,0.3605623179729917
TC,ATC,0,0,False,1.5021642375444642,105.46080397977306,0.23674962477782882
TC,ATC,1,0,False,1.7656657681484558,123.96016814572046,0.20758688771588052
TC,ATG,0,0,False,1.0217186697940617,71.73068674152654,0.16813075499117705
TC,ATG,1,0,False,1.201340716797432,84.34121561447697,0.17662213868675783
TC,ATT,0,0,False,0.769255382869822,54.006272493768,0.23443281297495996
TC,ATT,1,0,False,0.9048006570673244,63.522351518452055,0.2788734968444224
TC,CTA,0,0,False,0.5558851035170205,39.026418331669994,0.357094668895728
TC,CTA,1,0,False,0.6541787303913211,45.92721163853018,0.4101816853092446
TC,CTC,0,0,False,0.8678397795860452,60.92747956134476,0.22745435719039694
TC,CTC,1,0,False,1.0205965941591921,71.65191040294663,0.2338150872587338
TC,CTG,0,0,False,0.5893164088218885,41.373493469943796,0.23293714943203472
TC,CTG,1,0,False,0.6934467023516797,48.68405525794967,0.12900140883695485
TC,CTT,0,0,False,0.4429586726113454,31.098315733949704,0.2339069836699577
TC,CTT,1,0,False,0.5215368283791456,36.61496649383358,0.2178821371741832
TC,GTA,0,0,False,0.4128467762557499,28.98428271435939,0.36877030907247144
TC,GTA,1,0,False,0.486167790557204,34.13185108510148,0.3599901215552221
TC,GTC,0,0,False,0.6455458229061761,45.32113053147717,0.18031006392006127
TC,GTC,1,0,False,0.7594930333421628,53.32089788279906,0.2873265001685702
TC,GTG,0,0,False,0.4377844786513402,30.735056749791333,0.2224276863705215
TC,GTG,1,0,False,0.5154592881369655,36.18828726386638,0.2880112914973505
TC,GTT,0,0,False,0.3286105880231638,23.070404648854538,0.2610379675558357
TC,GTT,1,0,False,0.38722507063047024,27.18548761124066,0.36229963999596065
TC,TTA,0,0,False,0.40532481791800723,28.456196800732908,0.5502088716294331
TC,TTA,1,0,False,0.4773325971239863,33.51156830942638,0.4282066702031246
TC,TTC,0,0,False,0.6338560477746217,44.50043925624636,0.2514402418338805
TC,TTC,1,0,False,0.745762377063482,52.35692469389752,0.29322777696826796
TC,TTG,0,0,False,0.4298158671092139,30.175613142473885,0.2538975707215575
TC,TTG,1,0,False,0.5060994617184127,35.531172153187626,0.2936606377024424
TC,TTT,0,0,False,0.32259736384233356,22.64824078636131,0.3014385636563515
TC,TTT,1,0,False,0.3801620165148474,26.689619485126933,0.546374522804986
TG,ATA,0,0,False,0.007216814906141638,0.5066630419980154,0.6060046536569478
TG,ATA,1,0,False,0.00793245154467048,0.5569049618695767,0.6060046536569478
TG,ATC,0,0,False,0.12763167623281782,8.960497695512899,0.6060046536569478
TG,ATC,1,0,False,0.1343571429353493,9.432665190824588,0.6060046536569478
TG,ATG,0,0,False,0.04005136360951454,2.8118423413209523,0.6060046536569478
TG,ATG,1,0,False,0.04240575194165826,2.9771343115214637,0.6060046536569478
TG,ATT,0,0,False,0.06578457876930377,4.618466072539642,0.6060046536569478
TG,ATT,1,0,False,0.06942329570015086,4.8739254979412445,0.6060046536569478
TG,CTA,0,0,False,0.01881796224008281,1.3211321222399965,0.6674936254663437
TG,CTA,1,0,False,0.020112604852262163,1.412023682120357,0.7978725936699614
TG,CTC,0,0,False,0.2366578578240482,16.614779749418837,0.2795230858157911
TG,CTC,1,0,False,0.24882475274126492,17.468967652337216,0.25637926840416936
TG,CTG,0,0,False,0.07821822714330544,5.4913816440536385,0.4497148833469176
TG,CTG,1,0,False,0.08247749965159565,5.790407737117537,0.3336359782066031
TG,CTT,0,0,False,0.12477162463666236,8.759705176815181,0.39099045453220455
TG,CTT,1,0,False,0.13135434796119383,9.221851243690205,0.4732932145999708
TG,GTA,0,0,False,5.8379438011775624e-05,0.004098581443180538,0.44485919461708223
TG,GTA,1,0,False,0.00041674306045602286,0.02925782488373374,0.6935779466823488
TG,GTC,0,0,False,0.06035756421683911,4.2374575891740465,1.1605934621329017
TG,GTC,1,0,False,0.06372542226153342,4.473901120584303,0.5875611940720746
TG,GTG,0,0,False,0.01650067316804218,1.1584447392741823,0.940959654213638
TG,GTG,1,0,False,0.017679661338745642,1.2412166740982187,0.7456149077310956
TG,GTT,0,0,False,0.029386889028589765,2.063133222027404,1.1123895922269176
TG,GTT,1,0,False,0.031209020135611085,2.191057590548615,0.9915064313918436
TG,TTA,0,0,False,0.008705937062709022,0.6112082148430329,0.8244386952787387
TG,TTA,1,0,False,0.00949589485235585,0.6666679185984772,0.6066674510063099
TG,TTC,0,0,False,0.14162626642119067,9.943000604146787,0.4970722666776497
TG,TTC,1,0,False,0.14905019432627511,10.464204202255281,0.4106073970084378
TG,TTG,0,0,False,0.044950458543734605,3.155787748635835,0.7619027033530394
TG,TTG,1,0,False,0.04754935762561213,3.338245817991241,0.559048303866082
TG,TTT,0,0,False,0.07335615030641822,5.150035125867487,0.34783302107692626
TG,TTT,1,0,False,0.07737275961495155,5.432024828699849,0.46449541418342855
