mut_type,motif,unpaired,rate
AC,AAA,0,0.1090109970032498
AC,AAA,1,0.1272957611520047
AC,AAC,0,0.0853674037141468
AC,AAC,1,0.0999295577397601
AC,AAG,0,0.1719523806386103
AC,AAG,1,0.200147069603807
AC,AAT,0,0.1842963102765163
AC,AAT,1,0.2144345125168545
AC,CAA,0,0.0498295229817129
AC,CAA,1,0.0587963483721253
AC,CAC,0,0.0382347345064266
AC,CAC,1,0.0453759965644803
AC,CAG,0,0.080695898522448
AC,CAG,1,0.0945225386054769
AC,CAT,0,0.0867493461247336
AC,CAT,1,0.1015290826787023
AC,GAA,0,0.1623883965884235
AC,GAA,1,0.1890772660528594
AC,GAC,0,0.1278776547582618
AC,GAC,1,0.1491329154085373
AC,GAG,0,0.2542591124526749
AC,GAG,1,0.2954127399898255
AC,GAT,0,0.2722766008984685
AC,GAT,1,0.3162670258742221
AC,TAA,0,0.0121768899536338
AC,TAA,1,0.0152154255464939
AC,TAC,0,0.0082478319046714
AC,TAC,1,0.0106677495451485
AC,TAG,0,0.0226363978195268
AC,TAG,1,0.0273217503487363
AC,TAT,0,0.0246876941477374
AC,TAT,1,0.0296960168948655
AG,AAA,0,0.346895856434227
AG,AAA,1,0.370683001370241
AG,AAC,0,0.3841009221566531
AG,AAC,1,0.4103879481161376
AG,AAG,0,0.6135259750387451
AG,AAG,1,0.6552285183443792
AG,AAT,0,0.8373231920052506
AG,AAT,1,0.8940631073712938
AG,CAA,0,0.3993558777379819
AG,CAA,1,0.4266679139543001
AG,CAC,0,0.4420741655011738
AG,CAC,1,0.4722565268966243
AG,CAG,0,0.705496504335941
AG,CAG,1,0.7533787271138257
AG,CAT,0,0.9624570479969092
AG,CAT,1,1.0276049515202932
AG,GAA,0,0.4154847572709504
AG,GAA,1,0.4438805244010944
AG,GAC,0,0.4598980899831167
AG,GAC,1,0.4912780756727591
AG,GAG,0,0.7337729241838996
AG,GAG,1,0.7835550948322426
AG,GAT,0,1.0009295617059502
AG,GAT,1,1.068662508558218
AG,TAA,0,0.4089422273073233
AG,TAA,1,0.4368983890723382
AG,TAC,0,0.4526679808019939
AG,TAC,1,0.4835621613361137
AG,TAG,0,0.7223028574789423
AG,TAG,1,0.7713143319455454
AG,TAT,0,0.9853235443627764
AG,TAT,1,1.0520078924328469
AT,AAA,0,0.2170178459411999
AT,AAA,1,0.28445551601488
AT,AAC,0,0.0529572595679763
AT,AAC,1,0.0710334776324258
AT,AAG,0,0.2601805079865675
AT,AAG,1,0.3406046711494297
AT,AAT,0,0.1744187684281228
AT,AAT,1,0.2290395129575063
AT,CAA,0,0.3799367138305695
AT,CAA,1,0.4963923232917429
AT,CAC,0,0.0966265764284776
AT,CAC,1,0.1278417264944364
AT,CAG,0,0.4544727129089499
AT,CAG,1,0.5933542152844499
AT,CAT,0,0.3063739479632279
AT,CAT,1,0.4006964844097379
AT,GAA,0,0.1879657954195172
AT,GAA,1,0.2466624788290789
AT,GAC,0,0.0451700510259911
AT,GAC,1,0.0609033058643028
AT,GAG,0,0.2255338950650539
AT,GAG,1,0.2955338170447407
AT,GAT,0,0.1508882308537101
AT,GAT,1,0.1984292646072924
AT,TAA,0,0.1420029456459765
AT,TAA,1,0.1868706342100438
AT,TAC,0,0.0328500154366489
AT,TAC,1,0.0448765003618514
AT,TAG,0,0.1707199650230067
AT,TAG,1,0.2242278383210399
AT,TAT,0,0.1136608908139359
AT,TAT,1,0.1500012114686131
CA,ACA,0,0.1020025874262222
CA,ACA,1,0.1428573833172635
CA,ACC,0,0.163391924199775
CA,ACC,1,0.2272300916919747
CA,ACG,0,0.1991507628762566
CA,ACG,1,0.2763765758541707
CA,ACT,0,0.1936934675420425
CA,ACT,1,0.2688761399161386
CA,CCA,0,0.254688489469995
CA,CCA,1,0.3527069070804671
CA,CCC,0,0.4019731721483262
CA,CCC,1,0.5551330649899353
CA,CCG,0,0.4877654201870798
CA,CCG,1,0.6730448181545842
CA,CCT,0,0.4746723318133362
CA,CCT,1,0.6550498472827354
CA,GCA,0,0.1207461242413596
CA,GCA,1,0.1686182572528743
CA,GCC,0,0.192679869874308
CA,GCC,1,0.2674830644257728
CA,GCG,0,0.2345807494191058
CA,GCG,1,0.3250710899084031
CA,GCT,0,0.2281860933591572
CA,GCT,1,0.3162823575444616
CA,TCA,0,0.1389293709014006
CA,TCA,1,0.1936090756650716
CA,TCC,0,0.2210923272252507
CA,TCC,1,0.3065327773608173
CA,TCG,0,0.2689516470156725
CA,TCG,1,0.3723100058489564
CA,TCT,0,0.2616476502345158
CA,TCT,1,0.362271487389968
CG,ACA,0,0.0241051111687122
CG,ACA,1,0.061378785127251
CG,ACC,0,0.0255427981472717
CG,ACC,1,0.0645325461187327
CG,ACG,0,0.0258417624728576
CG,ACG,1,0.0651883648344466
CG,ACT,0,0.0359479709873679
CG,ACT,1,0.0873577011782855
CG,CCA,0,0.0270096836629026
CG,CCA,1,0.0677503580535681
CG,CCC,0,0.0285810966965183
CG,CCC,1,0.0711974652478538
CG,CCG,0,0.0289078691058244
CG,CCG,1,0.071914284759285
CG,CCT,0,0.0399541037987561
CG,CCT,1,0.0961456957665861
CG,GCA,0,0.0167252627463227
CG,GCA,1,0.0451900886831198
CG,GCC,0,0.0178231826788149
CG,GCC,1,0.0475985246684923
CG,GCG,0,0.0180514930809121
CG,GCG,1,0.0480993544393825
CG,GCT,0,0.0257693120049737
CG,GCT,1,0.0650294349263134
CG,TCA,0,0.0302889946691625
CG,TCA,1,0.0749439706303766
CG,TCC,0,0.0320113866592502
CG,TCC,1,0.0787222706020586
CG,TCG,0,0.0323695548609453
CG,TCG,1,0.0795079610338012
CG,TCT,0,0.0444770948575785
CG,TCT,1,0.1060674888820992
CT,ACA,0,2.2686272044831046
CT,ACA,1,7.231811130029561
CT,ACC,0,2.015717203140866
CT,ACC,1,6.427329408186148
CT,ACG,0,3.576374326404521
CT,ACG,1,11.391625494015337
CT,ACT,0,2.0432551613634957
CT,ACT,1,6.514924932006554
CT,CCA,0,2.352709546953806
CT,CCA,1,7.499268752458351
CT,CCC,0,2.0904552531178675
CT,CCC,1,6.665063759590288
CT,CCG,0,3.708774139715338
CT,CCG,1,11.812776216480827
CT,CCT,0,2.119010659187343
CT,CCT,1,6.75589568446788
CT,GCA,0,1.9790726642478904
CT,GCA,1,6.310766751160631
CT,GCC,0,1.7583416226887865
CT,GCC,1,5.608643120480384
CT,GCG,0,3.120428809855662
CT,GCG,1,9.94130786215682
CT,GCT,0,1.78237579361375
CT,GCT,1,5.685093443149238
CT,TCA,0,2.5080620978325485
CT,TCA,1,7.993429864950599
CT,TCC,0,2.228543065260779
CT,TCC,1,7.104307444255779
CT,TCG,0,3.9533992075870144
CT,TCG,1,12.590904383666912
CT,TCT,0,2.2589783323539736
CT,TCT,1,7.201119021282994
GA,AGA,0,0.6066554315793437
GA,AGA,1,0.6529153355976928
GA,AGC,0,0.8436438927932856
GA,AGC,1,0.9077654263741136
GA,AGG,0,1.2671407431060466
GA,AGG,1,1.3631808934094585
GA,AGT,0,0.744868832400137
GA,AGT,1,0.8015457691861816
GA,CGA,0,1.5031122470926623
GA,CGA,1,1.61693737971091
GA,CGC,0,2.0862358743265483
GA,CGC,1,2.244010565355481
GA,CGG,0,3.128274031844978
GA,CGG,1,3.3645863000378866
GA,CGT,0,1.8431942038517064
GA,CGT,1,1.9826510398085768
GA,GGA,0,0.8180598310299289
GA,GGA,1,0.8802531144690409
GA,GGC,0,1.1366746412602196
GA,GGC,1,1.2228816664836435
GA,GGG,0,1.706037250327147
GA,GGG,1,1.8351566770986725
GA,GGT,0,1.0038783145469206
GA,GGT,1,1.0800765875177634
GA,TGA,0,0.5533432158584567
GA,TGA,1,0.5955850210905456
GA,TGC,0,0.7697470462010569
GA,TGC,1,0.8282990339360462
GA,TGG,0,1.1564592940306015
GA,TGG,1,1.2441574726080606
GA,TGT,0,0.6795515096677298
GA,TGT,1,0.7313055324153316
GC,AGA,0,0.0980602981272401
GC,AGA,1,0.3400591414869457
GC,AGC,0,0.0619034984822857
GC,AGC,1,0.2207142814715183
GC,AGG,0,0.054031193721249
GC,AGG,1,0.1947297054324213
GC,AGT,0,0.0737119280102728
GC,AGT,1,0.2596910543844473
GC,CGA,0,0.1380840002481576
GC,CGA,1,0.4721677123180102
GC,CGC,0,0.0881688945631377
GC,CGC,1,0.3074100081204466
GC,CGG,0,0.0773010376734124
GC,CGG,1,0.2715378382406945
GC,CGT,0,0.1044706417767033
GC,CGT,1,0.3612181371117903
GC,GGA,0,0.0655022626856167
GC,GGA,1,0.2325929326323659
GC,GGC,0,0.0405374166064733
GC,GGC,1,0.150190007321529
GC,GGG,0,0.0351019002284407
GC,GGG,1,0.1322486809979094
GC,GGT,0,0.0486906721074409
GC,GGT,1,0.1771019338744309
GC,TGA,0,0.1032253010393905
GC,TGA,1,0.3571075682167127
GC,TGC,0,0.0652930111974397
GC,TGC,1,0.2319022440258041
GC,TGG,0,0.0570341346140005
GC,TGG,1,0.2046416877980965
GC,TGT,0,0.0776812971030581
GC,TGT,1,0.272792982745912
GT,AGA,0,1.8424212440208176
GT,AGA,1,4.723026092567793
GT,AGC,0,1.7657791289476206
GT,AGC,1,4.527016311987808
GT,AGG,0,2.0223939059717004
GT,AGG,1,5.183300472335336
GT,AGT,0,1.6910945081593318
GT,AGT,1,4.336012761010242
GT,CGA,0,2.1673746872379747
GT,CGA,1,5.554084226113229
GT,CGC,0,2.0772670203259715
GT,CGC,1,5.323636723416728
GT,CGG,0,2.378967447443623
GT,CGG,1,6.095226005154851
GT,CGT,0,1.989460767497312
GT,CGT,1,5.099075014308635
GT,GGA,0,1.7111510946926298
GT,GGA,1,4.387306845493957
GT,GGC,0,1.6399486050105854
GT,GGC,1,4.205208734475007
GT,GGG,0,1.8783503113813835
GT,GGG,1,4.8149135437826
GT,GGT,0,1.570564677701077
GT,GGT,1,4.027761539095216
GT,TGA,0,1.6862116163560144
GT,TGA,1,4.323524919957708
GT,TGC,0,1.6160425788357615
GT,TGC,1,4.144069830093371
GT,TGG,0,1.850984058465557
GT,TGG,1,4.744925219162323
GT,TGT,0,1.547665708582712
GT,TGT,1,3.969198151222736
TA,ATA,0,0.0206306263765941
TA,ATA,1,0.0234715108271121
TA,ATC,0,0.0451909884555408
TA,ATC,1,0.0505459910897554
TA,ATG,0,0.1004502513058208
TA,ATG,1,0.1114618610007532
TA,ATT,0,0.0226531642713341
TA,ATT,1,0.0257010855432979
TA,CTA,0,0.045065981065028
TA,CTA,1,0.0504081873344099
TA,CTC,0,0.0912510767849589
TA,CTC,1,0.1013210142087922
TA,CTG,0,0.1951646239854994
TA,CTG,1,0.2158716577888374
TA,CTT,0,0.0488693087995906
TA,CTT,1,0.0546008422045125
TA,GTA,0,0.0025156103127647
TA,GTA,1,0.0035021535635222
TA,GTC,0,0.0110445948129003
TA,GTC,1,0.0129042064228021
TA,GTG,0,0.0302342710409622
TA,GTG,1,0.0340582312947944
TA,GTT,0,0.0032179694351476
TA,GTT,1,0.004276409583654
TA,TTA,0,0.0353765335974268
TA,TTA,1,0.0397268808710022
TA,TTC,0,0.0729866884872839
TA,TTC,1,0.0811869942425906
TA,TTG,0,0.1576071606211168
TA,TTG,1,0.1744696297036906
TA,TTT,0,0.0384737177206602
TA,TTT,1,0.0431411078333211
TC,ATA,0,0.9640505379824764
TC,ATA,1,1.1336044868676405
TC,ATC,0,1.5021642375444642
TC,ATC,1,1.7656657681484542
TC,ATG,0,1.0217186697940617
TC,ATG,1,1.201340716797432
TC,ATT,0,0.7692553828698226
TC,ATT,1,0.9048006570673244
TC,CTA,0,0.5558851035170205
TC,CTA,1,0.6541787303913208
TC,CTC,0,0.867839779586046
TC,CTC,1,1.020596594159193
TC,CTG,0,0.5893164088218885
TC,CTG,1,0.6934467023516794
TC,CTT,0,0.4429586726113462
TC,CTT,1,0.5215368283791463
TC,GTA,0,0.4128467762557496
TC,GTA,1,0.4861677905572035
TC,GTC,0,0.6455458229061765
TC,GTC,1,0.7594930333421628
TC,GTG,0,0.4377844786513402
TC,GTG,1,0.5154592881369653
TC,GTT,0,0.3286105880231642
TC,GTT,1,0.3872250706304705
TC,TTA,0,0.4053248179180064
TC,TTA,1,0.4773325971239852
TC,TTC,0,0.6338560477746211
TC,TTC,1,0.745762377063481
TC,TTG,0,0.4298158671092132
TC,TTG,1,0.5060994617184118
TC,TTT,0,0.3225973638423335
TC,TTT,1,0.3801620165148472
TG,ATA,0,0.0072168149061447
TG,ATA,1,0.0079324515446743
TG,ATC,0,0.1276316762328468
TG,ATC,1,0.1343571429353853
TG,ATG,0,0.0400513636095246
TG,ATG,1,0.0424057519416708
TG,ATT,0,0.0657845787693196
TG,ATT,1,0.0694232957001705
TG,CTA,0,0.0188179622400701
TG,CTA,1,0.0201126048522499
TG,CTC,0,0.2366578578239287
TG,CTC,1,0.2488247527411496
TG,CTG,0,0.0782182271432636
TG,CTG,1,0.0824774996515552
TG,CTT,0,0.1247716246365979
TG,CTT,1,0.1313543479611317
TG,GTA,0,5.837943800912365e-05
TG,GTA,1,0.0004167430604535
TG,GTC,0,0.0603575642168141
TG,GTC,1,0.06372542226151
TG,GTG,0,0.0165006731680334
TG,GTG,1,0.0176796613387374
TG,GTT,0,0.0293868890285763
TG,GTT,1,0.0312090201355985
TG,TTA,0,0.0087059370627084
TG,TTA,1,0.0094958948523558
TG,TTC,0,0.1416262664211847
TG,TTC,1,0.1490501943262751
TG,TTG,0,0.0449504585437325
TG,TTG,1,0.0475493576256121
TG,TTT,0,0.0733561503064152
TG,TTT,1,0.0773727596149517
